{
  "productos": [
	{
      "id": 1,
      "nombre": "DELL LAPTOP",
      "precio": 70.00,
      "stock": 30
    },
	{
      "id": 2,
      "nombre": "DAVID LAPTOP",
      "precio": 89.00,
      "stock": 30
    },
	{
      "id": 3,
      "nombre": "FORTNITE",
      "precio": 480.00,
      "stock": 30
    },
	{
      "id": 4,
      "nombre": "ALEJANDRO LAPTOP",
      "precio": 45.00,
      "stock": 30
    },
    {
      "id": 5,
      "nombre": "LUIS LAPTOP",
      "precio": 150.75,
      "stock": 20
    },
    {
      "id": 6,
      "nombre": "DIEGO LAPTOP",
      "precio": 89.99,
      "stock": 25
    }
	{
      "id": 7,
      "nombre": "ALEXIA LAPTOP",
      "precio": 99.99,
      "stock": 10
    }

  ]
}
